pdb_id,model_number,overall_rmsd,rmsd_TCRA_TCRB,rmsd_Peptide,rmsd_MHC_B2M,rmsd_CDR_TCRA,rmsd_CDR_TCRB,dockq_score,irmsd,lrmsd,fnat,clashes
1lp9,2,1.7982609,3.4231355,0.91927004,1.0166487,2.6979253,3.403861,0.546,2.278,4.977,0.59,1
1lp9,3,1.8288914,3.440724,0.9853665,1.067814,2.9893472,3.4873207,0.536,2.318,4.737,0.551,0
1lp9,1,1.8558125,3.4838836,1.0016534,1.0903344,3.2660198,3.2911067,0.517,2.318,5.168,0.526,0
1lp9,0,1.9148837,3.6167734,1.0233723,1.105408,2.931502,3.468395,0.513,2.462,5.153,0.538,0
1lp9,4,1.7802562,3.2960002,0.92336804,1.0912132,2.564938,3.3282824,0.542,2.212,5.471,0.603,0
1bd2,3,1.0825958,1.7915487,0.6665285,0.7296815,0.91675764,1.7559642,0.744,1.055,2.452,0.641,0
1bd2,2,1.1804436,1.955846,0.63136065,0.8027953,1.0801965,1.9037311,0.74,1.194,2.239,0.672,0
1bd2,0,1.090116,1.794189,0.60942197,0.74923706,0.96999127,1.9055817,0.722,1.122,3.288,0.656,0
1bd2,1,1.2075244,2.0288084,0.8941703,0.76861084,1.108115,1.9226907,0.691,1.208,4.315,0.672,0
1bd2,4,1.2786552,2.1477356,0.8444636,0.82713854,1.2739282,1.9308668,0.636,1.413,4.027,0.562,0
1ao7,4,1.1366584,1.8158679,0.96360654,0.7329678,0.74955136,1.1691955,0.632,0.728,14.935,0.843,0
1ao7,1,0.9632827,1.7037711,0.67118925,0.4452613,0.63740826,1.2245672,0.632,0.736,14.784,0.843,0
1ao7,0,1.1465034,1.8279212,0.9724395,0.7428453,0.670196,1.3034139,0.646,0.718,15.214,0.886,0
1ao7,2,1.0129231,1.780576,0.7720238,0.47290936,0.7519461,1.247457,0.63,0.729,15.823,0.857,0
1ao7,3,1.1457444,1.832383,0.9581834,0.7388136,0.767443,1.1862262,0.635,0.769,15.094,0.871,0
1oga,2,0.5552969,0.8006035,0.93836194,0.39480692,0.9764447,0.55180806,0.905,0.414,3.668,0.943,0
1oga,3,0.56890875,0.83178526,0.6633944,0.45626232,0.9230669,0.6065794,0.843,0.433,6.057,0.943,0
1oga,1,0.5651773,0.82037824,0.8164871,0.42924005,0.9804345,0.60191286,0.919,0.393,3.423,0.962,0
1oga,0,0.53193426,0.75984746,0.7554919,0.41295758,0.9330135,0.556103,0.857,0.418,5.827,0.962,0
1oga,4,0.58803886,0.85281265,0.7336743,0.46768472,0.98511314,0.631068,0.866,0.519,4.744,0.943,0
1fo0,0,1.0381242,2.2241595,0.6441468,0.57035786,6.000468,1.4150066,0.798,1.135,2.406,0.833,0
1fo0,1,0.8743108,1.7093165,0.64892656,0.5849987,4.293094,0.8619971,0.807,0.942,3.619,0.857,0
1fo0,3,0.98709637,2.0506794,0.7517313,0.57560724,5.7361255,0.8292901,0.796,1.128,2.581,0.833,1
1fo0,2,0.8895903,1.805749,0.7445853,0.54050606,4.9063993,0.77966803,0.851,0.879,2.794,0.905,0
1fo0,4,0.9306616,1.912211,0.6315123,0.5678212,5.065287,1.1937817,0.786,1.074,3.021,0.81,0
1kj2,4,0.7974525,1.4228923,0.4541211,0.52669895,1.4910659,1.4341484,0.745,0.874,2.965,0.596,0
1kj2,3,0.8461676,1.4816071,0.44952106,0.582633,1.5042962,1.7524112,0.739,1.023,3.081,0.649,0
1kj2,2,0.71745294,1.1955917,0.44233358,0.53104675,1.3474438,1.2036606,0.781,0.764,2.239,0.614,0
1kj2,0,0.9490234,1.8302737,0.46910036,0.51086843,1.3766448,1.8217143,0.687,1.193,3.312,0.579,0
1kj2,1,0.77683645,1.3956821,0.44017076,0.50574684,1.312043,1.7551502,0.779,0.899,1.919,0.649,0
1mi5,0,1.2114435,1.9373271,1.1225591,0.93059295,1.851982,1.1812372,0.7,0.977,7.302,0.822,0
1mi5,1,1.3255355,2.4246733,1.132861,0.8260052,3.3228881,1.1950017,0.677,1.197,7.171,0.836,0
1mi5,3,1.3802413,2.531423,0.9595454,0.8824171,3.5316827,1.2068837,0.715,1.176,5.526,0.822,0
1mi5,2,1.3770424,2.536471,0.9887804,0.86818486,3.5777209,1.3807026,0.708,1.21,5.601,0.822,0
1mi5,4,1.3821189,2.595946,1.0104307,0.82789,3.5929768,1.206274,0.709,1.214,5.384,0.808,0
1nam,1,1.4282122,3.076946,0.6313025,0.7446484,5.933672,1.6351713,0.651,1.249,3.67,0.52,0
1nam,0,1.2846755,2.7631495,0.65004826,0.6666134,5.128958,1.3029118,0.676,1.239,2.931,0.54,0
1nam,2,1.0460651,1.9202917,0.9826028,0.7293222,3.4105973,1.2996564,0.737,0.834,3.608,0.6,0
1nam,3,1.1250893,2.0525258,1.151865,0.7786812,3.4233406,1.4244702,0.704,1.043,2.871,0.54,0
1nam,4,1.1780934,2.2644768,0.9066651,0.783822,4.1030097,1.4770947,0.688,1.026,4.462,0.6,0
1mwa,2,0.96954936,1.0936604,1.1456075,0.8925908,0.9804024,0.893674,0.936,0.533,1.928,0.969,0
1mwa,3,0.9966844,1.1810857,1.1381713,0.8947457,1.2825962,0.76902765,0.872,0.625,3.472,0.906,0
1mwa,1,0.9899542,1.1524196,1.1541512,0.89592063,1.1424129,0.8881305,0.906,0.552,2.33,0.906,0
1mwa,0,0.9826646,1.1373543,1.1750376,0.8883128,0.9787908,0.7557335,0.866,0.918,1.969,0.922,0
1mwa,4,1.0099978,1.2265395,1.1501282,0.8913719,1.2023674,0.77605337,0.88,0.604,3.24,0.906,0
1g6r,1,1.1774272,1.5103003,1.3051887,1.0095462,1.8172561,1.0780594,0.789,0.851,4.688,0.842,0
1g6r,0,1.182944,1.5418888,1.1682698,1.0196048,1.751054,1.0708574,0.845,0.833,2.951,0.877,1
1g6r,2,1.1627632,1.4494053,1.2430224,1.0259848,1.6446201,1.0741822,0.793,0.955,4.139,0.86,0
1g6r,3,1.3422333,1.7197969,1.9207435,1.0797483,1.9760172,1.0600376,0.752,1.032,4.654,0.807,0
1g6r,4,1.1736175,1.4593155,1.1627853,1.0490721,1.5151764,1.1276727,0.823,0.841,3.829,0.877,0
