pdb_id,model_number,iRMSD,TCR-iRMSD,Peptide-RMSD,MHC-iRMSD,CDR3a-RMSD,CDR3b-RMSD,DockQ,iRMSD-DockQ,lRMSD-DockQ,Fnat,Clashes,Quality
1kj2,0,0.6491448170460539,1.0922828321022813,0.4492049030048694,0.46940452691487694,1.3182145653159134,0.7473157324926056,0.796,0.661,2.529,0.632,0,MQ
1kj2,1,0.7506172995883682,1.39077298726192,0.4321513248556356,0.4527832364117932,1.2533703686738202,1.814942888536199,0.804,0.783,1.755,0.667,0,HQ
1kj2,2,0.783845246749389,1.4037432330274366,0.4487630008861237,0.5135061653584233,1.306174061271858,1.6042323993334169,0.741,0.926,2.804,0.596,0,MQ
1kj2,3,0.7767830490554958,1.263542530971054,0.40730997020101484,0.5994539551627651,1.01516976759333,0.9501764733183173,0.829,0.531,1.043,0.614,0,HQ
1kj2,4,0.6654260627430423,1.1446115341867518,0.43777653915563125,0.4660831715000726,0.8072493718193232,1.1514491972038063,0.806,0.651,1.704,0.614,0,HQ
1fo0,0,0.8581428717746896,1.6775407919032732,0.7180532928981141,0.5644034044578995,4.385083594400774,0.8443694376956411,0.806,1.089,2.741,0.857,0,HQ
1fo0,1,0.952823332476403,1.9616050819610535,0.5252391919060082,0.5910160409550934,5.465004098153014,0.7177961571659377,0.828,0.9,3.674,0.905,0,HQ
1fo0,2,0.9477301798236032,2.018220708176565,0.7463845803888337,0.5099345387606565,5.826754060679887,0.6371661939141092,0.889,0.797,1.105,0.905,0,MQ
1fo0,3,0.9502591723549199,1.9856132014644094,0.7637651725869178,0.5397525382777977,5.414678478409736,0.8276821118174877,0.804,1.295,2.683,0.929,0,HQ
1fo0,4,0.9083654422413424,1.8000367493367526,0.6703701262549026,0.5929818390088952,4.630435297864776,0.7978277278034106,0.756,1.315,3.28,0.833,0,MQ
1ao7,0,0.9773819019439769,1.7326848559789398,0.7452380782283112,0.4338079347741388,0.7452848451771451,1.4282707442873586,0.622,0.736,16.152,0.843,0,MQ
1ao7,1,1.1131570278132399,1.7542366198801265,0.9524463416436804,0.7396908849321695,0.7505512265944864,1.2030954219317596,0.625,0.744,16.896,0.871,0,MQ
1ao7,2,1.1161677030867312,1.7856716464875328,0.9525498459249744,0.7162972062242571,0.7470396647968216,1.4386205629813238,0.63,0.751,15.425,0.857,0,MQ
1ao7,3,1.1170591991278862,1.778748855157532,0.9460949355266737,0.7261440015856174,0.7529914861804324,1.3930972831994144,0.625,0.771,15.137,0.843,0,MQ
1ao7,4,1.1021345456596334,1.7376683133471764,0.9422628587293989,0.7317212196506515,0.6275233812854074,1.4142261244865495,0.636,0.755,14.593,0.857,0,MQ
1oga,0,0.6524089679443834,1.1202480518023252,0.517366453119141,0.45703219820273927,1.9242640456730955,0.6666839200012495,0.832,0.69,5.44,0.962,0,HQ
1oga,1,0.794175098413711,1.292175367342994,0.8464416064084573,0.5743630569271055,2.1040446670307174,0.8712300967949164,0.787,1.013,4.644,0.906,0,MQ
1oga,2,0.8738057509097555,1.5791030080878494,0.9070992748789739,0.5208206918776023,2.5307700016230905,1.057674084486398,0.756,1.256,4.317,0.887,0,MQ
1oga,3,0.61716957148636,0.8829984244676818,0.798744482494736,0.49225563940538425,1.2308202051985204,0.793507901013561,0.818,0.609,6.211,0.943,0,HQ
1oga,4,0.8440648184213475,1.5697260601792862,0.7956315073326343,0.47792199081244424,1.7529293009409852,0.8212412199947449,0.827,0.689,5.393,0.943,0,HQ
1bd2,0,1.0197085135412856,1.7019108822267008,0.5869398808965927,0.6787339286647248,1.0868117135300646,1.8410136796990508,0.762,1.066,2.794,0.719,0,MQ
1bd2,1,1.0487968578779054,1.6517489325356964,0.5661977791733002,0.7819084190049732,1.0259425332301284,1.828173790650292,0.771,1.067,2.335,0.719,0,MQ
1bd2,2,1.2473325333128749,2.0551794973968045,0.902334279155265,0.8333045252032951,1.4645358679421676,1.7825575242911347,0.686,1.345,3.839,0.672,0,MQ
1bd2,3,1.0793316365723096,1.7611646278398185,0.8709241957422889,0.7242927016795198,0.9351785163855445,1.9498765494968657,0.756,1.113,2.504,0.703,0,MQ
1bd2,4,1.2153813352752063,2.0499154918588767,0.6331153231921368,0.7959536809971163,1.1707813209367413,2.2578493717412145,0.648,1.237,5.264,0.625,0,MQ
1lp9,0,1.916120958117495,3.707668932011941,0.9595539806983097,1.0242694583137992,3.505562989312946,3.32482705253723,0.48,2.565,6.444,0.551,0,AQ
1lp9,1,1.9745569375688834,3.8207523120912166,0.9900942623805834,1.055361801428961,3.741826438028566,3.177165954562126,0.473,2.49,6.754,0.538,0,AQ
1lp9,2,1.8933161171342623,3.6411675366329335,0.990306654004643,1.0308737855564232,3.1438085143697405,3.2511181918803613,0.514,2.436,5.507,0.564,0,MQ
1lp9,3,1.9574655956109814,3.667659236350877,1.118994494369051,1.1500118835376876,3.0250766651766856,3.414225089585019,0.509,2.427,5.591,0.551,0,MQ
1lp9,4,1.7223996865772762,3.3414051697045295,0.868327636196521,0.9110111231119975,2.4994611679618366,3.156305512538876,0.509,2.169,6.368,0.564,0,MQ
1mi5,0,1.1400554294584084,1.7282137359959722,1.1142676551109982,0.919779410822725,1.8038600329215075,1.1382286829599801,0.709,0.981,6.857,0.822,0,MQ
1mi5,1,1.3725997882077718,2.545696981205184,1.0985539034161853,0.8371160346325637,3.786883736509201,1.2134182820964143,0.666,1.251,6.755,0.795,0,MQ
1mi5,2,1.418489859787943,2.5995731883751128,1.102146989586074,0.8947027185126952,3.502144292920767,1.0729434974519814,0.656,1.255,6.95,0.781,0,MQ
1mi5,3,0.9357382011580827,1.2732389967027438,0.9313775233400647,0.8205461473485697,1.4078698894899422,1.1480827752878393,0.781,0.875,5.647,0.904,0,MQ
1mi5,4,0.9088636694984082,1.2139276338781355,0.7906847623370056,0.818597395475504,1.667744462882531,0.9783408552655013,0.795,0.793,5.404,0.89,0,MQ
1nam,0,1.1462960822134296,2.154455790061057,0.9918212780154129,0.7801707332310427,2.502224898973532,1.3114823528793906,0.734,1.143,3.002,0.68,1,MQ
1nam,1,1.4608114839117516,3.095645293016901,0.6710837489036422,0.8050751185808508,5.668840694133445,1.675079423762583,0.618,1.353,4.22,0.5,0,MQ
1nam,2,1.471704336502525,3.0887826737796726,0.7175546056848451,0.8326897388754634,4.639074577007195,1.313029279840397,0.605,1.608,4.109,0.54,0,MQ
1nam,3,1.1139398902267197,2.108026529762807,0.7281402116326329,0.7750409115929147,2.6635892364542544,1.4356786228676943,0.732,1.052,3.055,0.64,1,MQ
1nam,4,1.3318178264690177,2.7377248096968207,0.6108692886933539,0.8019401354974376,5.481018028379816,1.266176702767799,0.699,1.193,3.66,0.64,0,MQ
1mwa,0,1.0030940894141138,1.2118822395044402,1.1366447414978853,0.8894888717536831,1.2297336706743163,0.7496345742399659,0.86,0.607,4.065,0.906,0,HQ
1mwa,1,0.9707120641547863,1.1364970373563723,1.1538311549356,0.8719231588311879,0.9840180954153923,0.7664901360849434,0.914,0.579,1.934,0.922,1,HQ
1mwa,2,0.9861912293588478,1.1443595573213792,1.1568147194573408,0.8933489894687913,1.0063125771827914,0.7606990934219866,0.899,0.565,2.834,0.922,1,HQ
1mwa,3,0.9834045761891066,1.1450785576023936,1.1424000191536832,0.8904482937755869,1.2119116087509956,0.9202726306925509,0.906,0.532,2.72,0.922,0,HQ
1mwa,4,0.9790947591269047,1.1080851773085816,1.137976158123104,0.9023316658236592,1.0196096168940965,0.9152132924900224,0.907,0.537,2.612,0.922,0,HQ
1g6r,0,1.3657248864034652,2.3155465565390285,0.6537250070908587,0.8500209527095021,1.655605879819647,1.4135587907613238,0.814,0.846,3.457,0.825,0,MQ
1g6r,1,1.3110132512079709,1.811064855096498,1.1923604501612068,1.0820841831495709,1.9611082659442194,1.6389217748003169,0.734,1.095,4.994,0.807,0,MQ
1g6r,2,1.4756489969574156,2.4516518647025327,0.8829200823234714,0.9515496469087285,2.251695992823803,1.5252092347450805,0.732,1.227,3.923,0.772,0,MQ
1g6r,3,1.3345019980158253,1.8491048446521352,1.196019871550527,1.1001000872104916,2.211644913999717,1.6230272328298296,0.766,1.095,3.738,0.807,0,MQ
1g6r,4,1.3941770761968166,1.8503071481314164,1.9894545625764277,1.0834376849905996,2.2537159585584536,1.606837255093206,0.751,1.036,4.192,0.772,0,MQ
