model_number_1,model_number_2,iRMSD,TCR-iRMSD,Peptide-RMSD,MHC-iRMSD,CDR3a-RMSD,CDR3b-RMSD,DockQ,iRMSD-DockQ,lRMSD-DockQ,Fnat,Clashes
0_model,1_model,0.5283843472101472,0.5786524147045591,0.08048843039232646,0.5384073894351553,0.6656841320889627,0.22347401702093458,0.952,0.219,0.726,0.883,0
0_model,2_model,0.7059486888208543,1.0343861918845019,0.6652741152023228,0.5509887107494231,0.9959732452931174,0.3485183119123931,0.884,0.707,2.409,0.909,0
0_model,3_model,0.5412663877180968,0.7035512941697656,0.6613047175300552,0.4537925166714709,0.862494931097517,0.1454057711854862,0.961,0.326,1.567,0.962,0
0_model,4_model,0.47558930494497476,0.648117743050367,0.1562205794738685,0.42474772804868915,0.6532590789739631,0.2643437936529759,0.92,0.437,2.954,0.946,0
1_model,2_model,0.6976169595493886,1.1258783854537608,0.6672885850801032,0.4663410829941921,0.9161923737917461,0.36872774817564774,0.845,0.838,2.556,0.855,0
1_model,3_model,0.4936234614305668,0.4794322062277963,0.6680690168347622,0.4754842921328073,0.5850927748840842,0.3042851381212152,0.967,0.29,1.303,0.962,0
1_model,4_model,0.5102241368411421,0.6331005016245135,0.16938252659042688,0.48652210953144415,0.6500132024912352,0.23920752805818288,0.895,0.429,3.322,0.893,0
2_model,3_model,0.754568173793705,1.2547811788429077,0.2677393286739355,0.5224897602623417,1.2821161087470174,0.3628580751452824,0.809,0.905,3.601,0.846,0
2_model,4_model,0.7758803140938365,1.147789528261372,0.6910608665964679,0.6044063464887068,1.2019400626858239,0.43863616496224733,0.803,0.9,2.999,0.786,0
3_model,4_model,0.4409712400120063,0.6293996669375848,0.6575887656659849,0.3105548942364258,0.7341950262703824,0.3480121964296093,0.858,0.339,4.235,0.821,0
0_model,1_model,1.1473011438947185,2.531883127682797,0.7920758712339466,0.28787592258274664,4.488360096088933,0.8903111815969701,0.756,1.333,3.138,0.83,1
0_model,2_model,1.1869747014182277,2.6592378992291654,0.8326052308535079,0.1807404597632333,4.236203961866739,0.8374574672224224,0.746,1.563,2.631,0.846,1
0_model,3_model,0.542486167728119,0.7906106713044414,1.0001169024184058,0.3699454859909152,1.2076251976210632,0.6121221713457166,0.909,0.512,1.524,0.862,1
0_model,4_model,1.0449623269950739,2.281503289010619,1.0178155948213143,0.21085242408531515,4.632094178729421,0.67296834578302,0.778,1.03,2.129,0.714,1
1_model,2_model,1.1590231474895583,2.5284227449272954,0.7267213053095528,0.3507705655635599,5.119133839312702,1.22835612679002,0.82,0.827,1.148,0.712,0
1_model,3_model,1.3790256006267692,3.0317565256580896,0.6861753707357157,0.40641589755592167,5.1989341088016285,1.0522129435936145,0.734,1.234,1.912,0.655,0
1_model,4_model,1.1521377633555006,2.50579926879692,0.7658459915742498,0.35357445087505396,4.137324254355353,1.203681477117249,0.784,0.954,1.398,0.667,0
2_model,3_model,1.3582122806339332,2.9955605795191023,0.5591284241965472,0.3561911388379456,4.625705031928724,0.9887074534003231,0.723,1.509,1.633,0.707,0
2_model,4_model,1.1194701920483934,2.4531476440127165,0.5754760313191057,0.3078559884180931,3.774249164036755,0.6204576771683082,0.757,1.211,1.076,0.683,0
3_model,4_model,1.0522860156417364,2.1563846499553025,0.597508982488294,0.5100915478616075,4.150159031528691,0.7407643011866041,0.823,0.896,1.013,0.746,1
0_model,1_model,0.6511308707684782,1.270606693264065,0.17224848629688164,0.3393405618914876,1.4985672562807757,0.5432744488017062,0.829,0.632,2.71,0.731,0
0_model,2_model,0.49066806118520584,0.8995467791910385,0.13549802389551202,0.3107720522631011,0.22168578976260342,0.38485840084454515,0.896,0.578,1.626,0.852,0
0_model,3_model,0.6125179583682645,0.9820799722454294,0.144606348787638,0.4874413957220056,0.37944743767473627,0.41190956496143205,0.903,0.447,2.036,0.845,0
0_model,4_model,0.3728864162132338,0.7734180870719541,0.1128243712394298,0.13215632088890875,0.8408858234196799,0.43631947243565083,0.911,0.444,1.319,0.836,0
1_model,2_model,0.5362488772817314,0.938472008879986,0.09804436380505319,0.3670341674370599,1.515962732184104,0.3608052815270054,0.945,0.48,2.018,0.981,0
1_model,3_model,0.7210928547425478,1.346636010331003,0.09442970729373341,0.42135402921280196,1.300678604245864,0.30839161232015805,0.894,0.719,1.404,0.897,0
1_model,4_model,0.7884163902387084,1.5569727846878345,0.1458665014314519,0.3655468800665762,1.2053348212218877,0.5267109089674029,0.87,0.748,1.799,0.852,0
2_model,3_model,0.6006825606626691,1.1158965990299292,0.10277737792924141,0.37082288005576286,0.46269181215353805,0.22199983668189677,0.85,0.793,2.144,0.828,0
2_model,4_model,0.6807052114155847,1.3684591184564918,0.10050901493399657,0.311899216805921,0.918085369991618,0.5167387775401704,0.833,0.759,1.583,0.738,0
3_model,4_model,0.67225654754279,1.1514543507688357,0.11853641741707005,0.4777123526861772,0.5337544479899479,0.4659475249703776,0.924,0.35,0.977,0.836,0
0_model,1_model,0.6450513833889572,1.1698961395393106,0.36253164745171246,0.42261244381734764,1.6212253769546079,0.30131993481451347,0.933,0.416,0.931,0.882,0
0_model,2_model,0.6956692979136986,1.3261758583816796,0.3671717966102915,0.40317381115094086,2.0718072207630733,0.4622447277205276,0.924,0.424,1.59,0.879,0
0_model,3_model,0.923225363484157,1.5691503495211685,0.567093635968141,0.6756962287289447,2.252955915919022,0.4879030014722657,0.924,0.462,1.638,0.894,0
0_model,4_model,0.9639004629067529,1.9265970036304703,0.2014549264024739,0.49168262060685924,2.6372126941186282,0.5830329100041449,0.872,0.686,1.55,0.821,0
1_model,2_model,0.8597169287192049,1.7031384832330303,0.11673339397105077,0.4190440539405529,2.743983290469788,0.31108093512381174,0.922,0.435,1.932,0.894,0
1_model,3_model,0.9617551318420023,1.7624898235872917,0.6709577259077383,0.5721869426064193,2.8766428664660313,0.42218503083204034,0.919,0.47,1.554,0.879,0
1_model,4_model,1.040063099538955,2.106307789029696,0.4111923554266298,0.4280141322342934,3.217109919862603,0.4594400478564616,0.898,0.672,1.007,0.875,0
2_model,3_model,0.6792063763007029,0.7990571995580572,0.6750575764213458,0.6405007604170188,0.7898346701382155,0.3165556392598731,0.952,0.3,1.816,0.939,0
2_model,4_model,0.7741605206743303,1.502074491143202,0.39042862624116087,0.4080338989235481,1.6736123925523518,0.3745454876817803,0.925,0.494,2.09,0.929,0
3_model,4_model,0.9384773251892427,1.5962393987696901,0.5965042270310864,0.6828225239466028,1.716167749898963,0.4720135415931047,0.929,0.521,1.086,0.911,0
0_model,1_model,0.5860110814720323,0.39548833641505415,0.5663450639393648,0.6452916024509596,0.12547049043761802,0.7040693735248449,0.968,0.154,2.045,0.971,0
0_model,2_model,0.5802158850233586,0.2945741396103573,0.5675978852931607,0.6575887962379883,0.1373563544464478,0.3573120301541493,0.94,0.153,3.441,0.97,0
0_model,3_model,0.5897395397865626,0.36661135961100666,0.5623358945377417,0.6570564995514525,0.14145339580321611,0.2062257089437114,0.882,0.255,5.703,0.985,0
0_model,4_model,0.6104772836378148,0.4171119755659976,0.5645043139859639,0.6734859274048449,0.40872950587093376,0.2279926835412673,0.915,0.214,4.143,0.956,0
1_model,2_model,0.238420437637379,0.26913045550935133,0.060389165915947174,0.23864836486452815,0.06274598654968928,0.5911350834140827,0.904,0.096,4.974,0.97,0
1_model,3_model,0.24960483295864017,0.36360997987404503,0.06686573166208724,0.2062980722182811,0.08739068253974208,0.6629375287386731,0.85,0.206,6.944,0.97,0
1_model,4_model,0.25140653694394505,0.35513941626495205,0.0731145895009974,0.2146772130332279,0.3959006354201427,0.6490839514398533,0.878,0.158,5.697,0.956,0
2_model,3_model,0.23674024614884334,0.25418368962764937,0.07560402211447582,0.2418703518865725,0.09365060623673341,0.3236662484787163,0.953,0.188,3.218,1.0,0
2_model,4_model,0.20510460630251157,0.3277463749804205,0.068153197816947,0.14853986911394756,0.39862347918531643,0.25061811440203047,0.946,0.141,3.406,0.985,0
3_model,4_model,0.23772052647940395,0.30553885112213924,0.07230205695412227,0.22044311708407976,0.3895520820996734,0.09872240497589692,0.89,0.105,5.498,0.971,0
0_model,1_model,0.8863130339217101,1.7660306467591291,0.6275811221857838,0.40168388560481133,3.83181982647123,0.5916810298125494,0.864,0.794,1.33,0.833,0
0_model,2_model,0.9887105963897337,2.025324582867039,0.2545933675702416,0.425905406335709,4.510537214029249,0.6787595250144572,0.89,0.525,2.089,0.836,0
0_model,3_model,0.8855830365254407,1.8030001164925409,0.2656397967665066,0.3937411207732266,3.961613992486462,0.6814025708059639,0.907,0.579,1.055,0.864,0
0_model,4_model,0.9474836335200971,1.9187572428452626,0.43947087327751116,0.420985863733913,4.078468203237389,0.7128497152217284,0.903,0.563,0.992,0.845,0
1_model,2_model,0.5334510934267588,0.8987429648314214,0.5949925779175108,0.37518291235548046,1.9184727107017594,0.4386998100591648,0.863,0.595,3.021,0.836,0
1_model,3_model,0.5808134199882479,1.1293245779211711,0.6020248306722524,0.2994329527791478,2.9258763187922807,0.18347629117468495,0.855,0.777,1.696,0.814,0
1_model,4_model,0.6445710216269289,1.2842536105540814,0.49981181826892795,0.3316356595757905,2.8930084574672805,0.39034623842436444,0.808,0.978,1.152,0.741,0
2_model,3_model,0.953993083674888,2.003813551064594,0.17311611174361788,0.3663681613826189,4.336795895977805,0.5340960448205666,0.871,0.69,1.82,0.831,0
2_model,4_model,1.01463113099313,2.124908615367647,0.40016355236236195,0.3824967699904051,4.493062855371424,0.35470679389368504,0.819,0.78,2.642,0.759,0
3_model,4_model,0.6526272041465901,1.226290523891461,0.38155226506611867,0.3826100284035859,2.12010767436157,0.4243327119457633,0.875,0.766,1.477,0.862,0
0_model,1_model,0.931041131690512,1.3124493215504407,1.2155243609769317,0.6941386270844321,1.5601354346944274,0.7391753168184109,0.849,0.822,1.976,0.831,0
0_model,2_model,0.9276569400906869,1.5981728832756854,0.6018498257733411,0.5299003416853254,1.72474929230675,0.8537913482567624,0.845,0.841,2.271,0.841,0
0_model,3_model,0.9467642330047631,1.34182083153004,1.1965091862600061,0.7080265835152241,1.7364501294725023,0.7411677979435718,0.872,0.837,2.003,0.905,0
0_model,4_model,1.0359297975890742,1.3340669869453996,2.02629760264967,0.6965866256729476,1.7025733737470237,0.7017231848539858,0.873,0.784,1.289,0.857,0
1_model,2_model,1.1217714077994967,1.8021041623454592,1.1056184744699515,0.71853131399271,1.5919278197126976,0.8720335858319501,0.855,0.658,2.546,0.81,0
1_model,3_model,0.30280842347771386,0.54681132506691,0.19077211550277928,0.14106611809893377,0.9871863531025705,0.14243162225842226,0.937,0.294,2.671,0.937,0
1_model,4_model,0.5128047123009644,0.6100754765596906,1.4414486650767049,0.1637456967644886,1.234302925640783,0.14077344759179583,0.945,0.274,1.305,0.889,0
2_model,3_model,1.0831830996270946,1.6952115184183247,1.0697163592143077,0.7420265358809913,1.2282464161290214,0.8386547060886608,0.9,0.607,1.092,0.857,0
2_model,4_model,1.180225287339007,1.6958922387810402,2.0164398649773543,0.7463570849724557,1.1086090955605836,0.8775834346684966,0.888,0.663,1.507,0.857,0
3_model,4_model,0.47796290351965465,0.3817115723323403,1.5341155334601417,0.1794025451457588,0.678085217492422,0.1428768244969596,0.955,0.23,1.543,0.921,0
0_model,1_model,0.3038654100541536,0.4689320415229308,0.30297928700857896,0.20422673390586615,0.9993071405051789,0.15727242041842387,0.96,0.176,2.205,0.958,0
0_model,2_model,0.2712926853436982,0.4579297766807835,0.29428330353419785,0.1343944893296663,0.9219960083575899,0.16562706468892338,0.962,0.193,2.016,0.957,0
0_model,3_model,0.20165323019690676,0.320129879276095,0.19802575614077705,0.12752846034514875,0.21960131388358148,0.4717482517476954,0.974,0.217,1.427,0.971,0
0_model,4_model,0.3431062233265382,0.5898430527812295,0.2156368747004919,0.18507370592510278,1.0347800190709686,0.4572619309372189,0.96,0.217,2.034,0.956,0
1_model,2_model,0.13382034251718988,0.16432409171356543,0.10954408912497489,0.12254278102323665,0.2894389895874745,0.08017401572541127,0.988,0.149,1.423,1.0,1
1_model,3_model,0.29044330520620876,0.5218466513244949,0.22524916533048053,0.12081101513662133,1.0298359742158274,0.4546840667142956,0.99,0.209,0.938,1.0,1
1_model,4_model,0.23255191545706666,0.324215741427329,0.2351791773540162,0.18430334242740426,0.29371934975837194,0.47562057886476256,0.983,0.202,1.192,0.985,1
2_model,3_model,0.2652921165293727,0.4828768314117895,0.20502601669012732,0.10071434672022171,0.9389669205922746,0.44571720479074617,0.983,0.194,1.237,0.985,1
2_model,4_model,0.20544030826053178,0.3020169078510648,0.22632165836127482,0.14864529288868747,0.20975655906432025,0.4689625050088195,0.99,0.168,0.384,0.985,1
3_model,4_model,0.28054622729375717,0.4896042884823419,0.08778143452391249,0.15008407991355285,1.0578349304074972,0.13148368458698784,0.987,0.139,1.087,0.985,0
0_model,1_model,1.229897138176894,2.5741822360839786,0.36713558614619324,0.5230146379628753,3.8221689156454826,0.6354360653648878,0.811,1.229,1.0,0.849,0
0_model,2_model,1.2793126008236724,2.66259811292232,0.23664772638458792,0.5715372516896096,3.6699727730083223,0.45936451355499525,0.794,1.238,1.204,0.808,0
0_model,3_model,0.8119499942341226,1.2370452970261563,0.7603387606353362,0.6577912491325436,1.2505714127706293,0.491583410356781,0.907,0.537,1.574,0.868,0
0_model,4_model,0.8483113485354369,1.3569498954636563,0.8239376124988861,0.6491626424521827,0.7140757174837176,0.9280954351807039,0.912,0.588,1.613,0.903,0
1_model,2_model,0.8597523338768834,0.6031516038838668,0.3013609428360363,0.9473215825062254,0.6497477143138649,0.5514644396372471,0.943,0.404,0.724,0.904,0
1_model,3_model,1.1868099958175962,2.002159558916987,0.6248130824010114,0.9260179918054211,1.6107483963430214,0.5015306615480658,0.798,1.134,1.849,0.803,0
1_model,4_model,1.1285847825889568,1.975984644831999,0.7701769314233027,0.8255910645754264,1.6894612428410805,0.7001287634941091,0.824,1.057,1.802,0.847,0
2_model,3_model,1.0978510969115842,2.2029253343066215,0.6955708935840416,0.5883956139923592,2.623747608607176,0.3879605726016024,0.796,1.124,2.032,0.803,0
2_model,4_model,1.1395597061276193,2.164770362970316,0.7673838149941488,0.7104462370310544,2.367029568782821,0.8859607613140862,0.801,1.125,2.106,0.819,0
3_model,4_model,0.5387619142658968,0.9319226803855752,0.5115873817540088,0.36724093893317267,1.1479674987514146,0.8229723610954551,0.955,0.454,0.873,0.958,0
0_model,1_model,0.6817906138569315,1.2696186772005489,0.6303699399056911,0.384890948026705,2.6525578541893697,0.3892172922603183,0.893,0.618,1.665,0.86,0
0_model,2_model,0.7884519254303503,1.5221231643362025,0.6725915290116575,0.4011439646577258,3.0379176508911088,0.5327975879490179,0.788,0.867,3.869,0.787,0
0_model,3_model,0.5269251356417812,0.9764337532739843,0.5928628376516415,0.28139860208365525,1.855947138059658,0.34427850593009246,0.963,0.309,1.547,0.962,0
0_model,4_model,0.545457590171927,1.082538537204824,0.6004717239439568,0.21008826866594313,0.9862507208933438,0.33436254068968424,0.971,0.249,1.356,0.966,0
1_model,2_model,0.4273600552275299,0.5237208755144597,0.13285096661072876,0.41676752945527246,0.5521415199950254,0.5222508762544339,0.911,0.364,3.255,0.918,0
1_model,3_model,0.5515724776404821,0.7473245631790502,0.8447710903511835,0.4351042977703501,1.1317416898179213,0.20025504631504754,0.926,0.538,2.327,0.962,0
1_model,4_model,0.7391934068894971,1.4199051230266775,0.19420577803582612,0.42535632178751553,2.614929354645199,0.14160335145017577,0.891,0.674,1.676,0.879,0
2_model,3_model,0.6608591032664954,1.1072434888179055,0.8738019493190032,0.4110663035517344,1.618099105771748,0.556424823192638,0.814,0.81,5.236,0.943,0
2_model,4_model,0.9137386987636242,1.8213828253924587,0.30503640952457317,0.4219136919008841,2.938784858432125,0.5420663904600792,0.788,0.9,4.676,0.862,0
3_model,4_model,0.6453803251443027,1.241098690827404,0.8231536294521881,0.2718900499078842,1.8464341236168083,0.2154074595557397,0.933,0.415,0.874,0.879,0
